LABEL,TRACK_INDEX,TRACK_ID,NUMBER_SPOTS,NUMBER_GAPS,NUMBER_SPLITS,NUMBER_MERGES,NUMBER_COMPLEX,LONGEST_GAP,TRACK_DURATION,TRACK_START,TRACK_STOP,TRACK_DISPLACEMENT,TRACK_X_LOCATION,TRACK_Y_LOCATION,TRACK_Z_LOCATION,TRACK_MEAN_SPEED,TRACK_MAX_SPEED,TRACK_MIN_SPEED,TRACK_MEDIAN_SPEED,TRACK_STD_SPEED,TRACK_MEAN_QUALITY,TOTAL_DISTANCE_TRAVELED,MAX_DISTANCE_TRAVELED,CONFINEMENT_RATIO,MEAN_STRAIGHT_LINE_SPEED,LINEARITY_OF_FORWARD_PROGRESSION,MEAN_DIRECTIONAL_CHANGE_RATE
Track_1519,13,13,55,0,0,0,0,0,162,0,162,74.38752567,20.59600343,197.4662174,0,1.060295424,2.18624261,0,1.208795891,0.548957378,30.17868614,171.7678587,74.38752567,0.433070111,0.459182257,0.433070111,0.241051655
Track_1622,116,116,57,3,0,0,0,2,183,48,231,131.6238632,30.10604112,227.9726011,0,1.468683361,2.422360441,0.123774545,1.65184432,0.623725583,36.33487438,262.8819904,131.6238632,0.500695628,0.719256083,0.489728489,0.338659441
Track_1645,139,139,29,2,0,0,0,2,96,45,141,54.64763209,57.26023927,196.405207,0,1.32464066,2.192354565,0.173630955,1.421680687,0.475511252,28.00980482,121.1489001,54.64763209,0.451078235,0.569246168,0.429736294,0.417961434
Track_1666,160,160,60,3,0,0,0,2,189,69,258,115.1499657,27.32060719,253.4622783,0,1.339367305,2.841030322,0.0896182,1.393148283,0.550470383,48.50689362,245.5550248,115.1499657,0.468937525,0.609259078,0.454885732,0.315929472
Track_1668,162,162,47,1,0,0,0,2,144,72,216,119.0804483,52.49157474,243.4556737,0,1.639671393,2.595680273,0.259319475,1.785081281,0.55491257,36.07148825,234.2578671,119.0804483,0.508330626,0.826947557,0.50433737,0.302935744
Track_1675,169,169,53,2,0,0,0,2,165,69,234,191.1378217,112.6092326,282.7842682,0,1.550314603,2.364345097,0.218237919,1.634793488,0.39805413,40.21751378,248.6277468,191.1378217,0.768771081,1.158411041,0.747210301,0.181399166
Track_1682,176,176,46,1,0,0,0,2,141,72,213,130.7076526,104.2894515,202.997849,0,1.615768847,2.598257427,0.372824252,1.677218095,0.560123884,35.78306357,220.3657399,130.7076526,0.593139626,0.927004628,0.573723544,0.227205473
Track_1691,185,185,32,5,0,0,0,2,117,75,192,107.237677,122.1594314,216.3112621,0,1.843802268,2.593111657,0.572513258,1.888954516,0.485265254,32.45912479,199.7239397,107.237677,0.53692951,0.916561342,0.497103924,0.22979211
Track_1707,201,201,39,0,0,0,0,0,114,84,198,153.3065154,66.27998792,203.3125522,0,1.458355576,2.322289352,0.346459736,1.479396819,0.40499684,46.04101349,166.2525357,153.3065154,0.922130389,1.344793995,0.922130389,0.087786352
Track_1737,231,231,12,1,0,0,0,2,39,81,120,56.33667469,25.12089973,216.6277131,0,1.879795682,2.639055215,0.078241168,2.269388724,0.843241725,47.12065506,62.5027045,56.33667469,0.901347792,1.44453012,0.7684506,0.221845502
Track_1742,236,236,26,0,0,0,0,0,75,111,186,93.95168258,45.40765988,203.6642486,0,1.442316494,1.955331691,0.889628051,1.404758574,0.236926113,47.96675482,108.173737,93.95168258,0.86852581,1.252689101,0.86852581,0.098594632
Track_1743,237,237,20,2,0,0,0,2,69,108,177,64.78010974,140.8323266,199.4359795,0,1.657335259,2.242406026,0.830158775,1.70990719,0.468259934,34.56734328,104.7270799,64.78010974,0.618561215,0.93884217,0.566476918,0.316383025
Track_1750,244,244,23,1,0,0,0,1,69,111,180,84.91908571,31.55861609,227.9031699,0,1.674871149,2.365231352,0.166381244,1.858850677,0.574194836,41.05912775,114.4130597,84.91908571,0.74221497,1.230711387,0.734809593,0.176629287
Track_1751,245,245,43,2,0,0,0,2,138,108,246,181.0172537,71.20281934,238.2591731,0,1.808082237,2.317537118,0.352399128,1.899205461,0.386173889,44.79219045,242.5360347,181.0172537,0.746351996,1.31171923,0.725475425,0.177852299
Track_1760,254,254,29,0,0,0,0,0,84,96,180,58.10505363,41.05242028,260.9597617,0,1.212331685,2.219110042,0.222520721,1.164981395,0.517274705,27.46524255,101.8358615,58.10505363,0.570575559,0.691726829,0.570575559,0.304810397
Track_1780,274,274,68,0,0,0,0,0,201,114,315,237.6663715,123.8433974,267.9962506,0,1.617694914,2.265681299,0.128133895,1.699986862,0.438672244,34.39353355,325.1566777,237.6663715,0.730928773,1.182419759,0.730928773,0.266588995
Track_1786,280,280,29,2,0,0,0,2,93,102,195,91.26821115,140.3764654,282.457515,0,1.564702195,2.358385749,0.285974429,1.737990274,0.535843174,19.99359271,138.6848073,91.26821115,0.658098121,0.981378615,0.627198337,0.273826401
Track_1787,281,281,55,2,0,0,0,2,174,96,270,172.7819292,69.98718291,278.4875138,0,1.31308956,1.741796425,0.450977814,1.37951164,0.315012493,43.90891281,218.1661233,172.7819292,0.791974146,0.992999593,0.756231428,0.174580747
Track_1788,282,282,74,0,0,0,0,0,219,123,342,140.8071763,42.3104366,200.7315224,0,0.932429751,2.521151522,0,1.145605871,0.559020406,37.58830555,204.2021155,140.8071763,0.689548078,0.642955143,0.689548078,0.179271676
Track_1791,285,285,15,0,0,0,0,0,42,123,165,60.75484799,48.27635073,224.8026837,0,2.018764368,2.542910393,1.39886503,2.050568203,0.379559919,35.87745368,84.78810344,60.75484799,0.716549204,1.446544,0.716549204,0.300796786
Track_1805,299,299,71,0,0,0,0,0,210,120,330,136.8189692,44.00311046,261.5568904,0,1.125485368,2.29960926,0.13410752,1.096686016,0.425465108,40.37217031,236.3519273,136.8189692,0.578878162,0.651518901,0.578878162,0.316420177
Track_1806,300,300,49,1,0,0,0,1,147,120,267,118.7009216,54.33300839,273.4803813,0,1.148914287,2.080734444,0.334322202,1.197728723,0.401576434,38.41545798,166.4466239,118.7009216,0.713147067,0.807489263,0.702828115,0.347155059
Track_1807,301,301,26,2,0,0,0,1,81,120,201,64.23018044,40.00898491,271.2918299,0,1.231016963,2.03608604,0.215711553,1.292313006,0.509775502,35.86063068,101.8895032,64.23018044,0.630390555,0.792965191,0.64415456,0.362152802
Track_1819,313,313,35,1,0,0,0,2,108,129,237,148.9818531,128.8418301,236.3282981,0,1.560293335,2.047174648,0.341813078,1.604058768,0.341534444,19.09154306,161.2007986,148.9818531,0.924200465,1.379461603,0.884104015,0.111951316
Track_1825,319,319,22,0,0,0,0,0,63,126,189,72.33462748,50.12771703,282.1739442,0,1.153977039,1.428952525,0.862417624,1.125833554,0.160897452,35.17992661,72.70055347,72.33462748,0.994966669,1.14816869,0.994966669,0.031700606
Track_1842,336,336,56,1,0,0,0,2,171,132,303,131.2937286,45.85721147,205.8436534,0,1.140416629,2.293599678,0.324008314,1.107819956,0.342718725,50.43432724,196.1945088,131.2937286,0.669201852,0.767799583,0.673262352,0.201079777
Track_1845,339,339,69,3,0,0,0,2,219,132,351,246.2999451,144.2277156,264.5233428,0,1.418963142,2.186067173,0.431683107,1.495301059,0.39958489,24.77956292,303.7524971,246.2999451,0.810857351,1.124657284,0.792590907,0.144878476
Track_1848,342,342,55,0,0,0,0,0,162,132,294,147.1633918,92.46102398,283.2617673,0,0.980459873,1.561017924,0.599689726,0.973841911,0.196834092,54.82178234,158.8344994,147.1633918,0.926520323,0.908415999,0.926520323,0.076895622
Track_1849,343,343,46,2,0,0,0,2,144,132,276,79.47827034,29.61282278,276.2978581,0,1.138353713,2.313034459,0.37356483,1.16025686,0.435063594,31.7554848,169.744507,79.47827034,0.46822293,0.551932433,0.484851437,0.313102276
Track_1850,344,344,30,1,0,0,0,2,93,132,225,60.87707579,29.10142491,279.0037479,0,1.017169507,1.529882592,0.185807748,1.10830491,0.351479468,28.84785342,90.19473695,60.87707579,0.674951531,0.654592213,0.643542898,0.348384733
Track_1851,345,345,36,3,0,0,0,2,120,132,252,92.0815248,37.82058124,271.1161729,0,1.26439629,1.946768638,0.372374997,1.388103678,0.422650283,32.34064154,148.8820763,92.0815248,0.618486302,0.76734604,0.606887292,0.309728631
Track_1852,346,346,11,0,0,0,0,0,30,135,165,46.24335691,139.9382375,221.7297567,0,1.96149523,2.605460517,1.287217384,2.102091918,0.462009947,31.14942082,58.8448569,46.24335691,0.785852143,1.54144523,0.785852143,0.225183312
Track_1855,349,349,34,2,0,0,0,2,108,135,243,87.12060633,56.96894333,257.0854536,0,1.424604998,2.048751282,0.106141092,1.525549587,0.423096903,37.54633138,156.3354462,87.12060633,0.557267136,0.806672281,0.56624277,0.293515165
Track_1865,359,359,12,1,0,0,0,1,36,138,174,46.6247109,148.1716349,235.1464282,0,2.039842712,2.61603649,1.181159607,2.128323344,0.472389808,21.47894641,70.99472229,46.6247109,0.656734887,1.295130858,0.634917021,0.273001019
Track_1866,360,360,14,1,0,0,0,2,45,138,183,45.97702525,104.7235534,226.6563559,0,1.974028626,2.637355577,0.766635123,2.113222559,0.590784313,48.94660241,81.58692714,45.97702525,0.563534219,1.021711672,0.517576928,0.178939524
Track_1872,366,366,10,0,0,0,0,0,27,183,210,54.69749213,126.0221964,197.2567577,0,2.030503604,2.290129273,1.850352562,1.997367933,0.126494343,32.45051861,54.82359731,54.69749213,0.997699801,2.025833042,0.997699801,0.026233587
Track_1874,368,368,40,0,0,0,0,0,117,141,258,182.9878427,98.3352716,201.6648592,0,1.685461248,2.262822901,0.768903637,1.858522534,0.375629064,38.41978242,197.198966,182.9878427,0.927935102,1.563998655,0.927935102,0.137190481
Track_1875,369,369,21,3,0,0,0,2,75,156,231,43.68705739,20.13860611,201.8297264,0,1.195747674,1.927939399,0.385237694,1.18494345,0.363654805,31.73768164,88.64257611,49.39403565,0.492845079,0.582494098,0.487137973,0.212030091
Track_1876,370,370,28,0,0,0,0,0,81,153,234,105.7617219,83.75111,200.2417034,0,1.396016772,1.682555875,0.959676108,1.440559665,0.177268234,25.3297815,113.0773586,105.7617219,0.935304143,1.305700271,0.935304143,0.097737833
Track_1878,372,372,18,0,0,0,0,0,51,183,234,80.11721894,134.2591101,201.6575162,0,1.666474781,2.155017534,1.133214994,1.634846582,0.316404601,45.41742796,84.99021384,80.11721894,0.942664047,1.570925862,0.942664047,0.07412922
Track_1879,373,373,33,1,0,0,0,1,99,141,240,85.66258188,39.7405888,205.5407901,0,1.2380875,2.417843019,0.359240519,1.299054999,0.370550034,36.74457965,122.3115325,85.66258188,0.700363899,0.865278605,0.698883241,0.238788711
Track_1880,374,374,32,1,0,0,0,1,96,171,267,118.1297011,56.45983755,204.5288477,0,1.383280493,1.738745918,1.083069656,1.395667474,0.163817302,40.51541841,132.587362,118.1297011,0.890957474,1.230517719,0.889564861,0.064543033
Track_1881,375,375,20,0,0,0,0,0,57,171,228,72.91124654,94.60007253,207.6267526,0,1.493201151,2.170134124,0.619871482,1.506729692,0.361417487,56.02079532,85.11246561,72.91124654,0.856645922,1.279144676,0.856645922,0.175503006
Track_1886,380,380,36,0,0,0,0,0,105,162,267,123.9163451,55.86072824,214.3012348,0,1.336386452,1.938855476,0.358212754,1.404726826,0.318623287,30.35468062,140.3205775,123.9163451,0.883094606,1.180155667,0.883094606,0.1377405
Track_1887,381,381,20,0,0,0,0,0,57,177,234,83.74129803,61.41066619,215.7691721,0,1.650295764,2.005522689,1.187447833,1.696932749,0.26186934,29.21622758,94.06685857,83.74129803,0.890231685,1.469145579,0.890231685,0.165283587
Track_1892,386,386,17,0,0,0,0,0,48,186,234,57.54964094,57.75466862,224.6736938,0,1.511233637,1.940292573,0.890729341,1.609716819,0.326475482,26.61853692,72.53921459,57.54964094,0.79335903,1.198950853,0.79335903,0.249931464
Track_1893,387,387,24,1,0,0,0,2,75,171,246,59.41585716,35.31033291,221.8106699,0,1.270182336,1.722622115,0.3736388,1.445204896,0.419203746,25.81924067,91.94958315,59.41585716,0.646178646,0.792211429,0.623698981,0.272839624
Track_1897,391,391,27,2,0,0,0,2,90,177,267,59.04999044,26.9913975,222.029185,0,1.217604267,2.013112701,0.278253367,1.317376359,0.413242071,28.08873652,100.5684487,59.04999044,0.587162189,0.656111005,0.538854062,0.288533052
Track_1899,393,393,53,0,0,0,0,0,156,174,330,117.5683318,33.85537179,228.7893045,0,0.949246569,1.727442706,0,1.165905604,0.495220069,29.93842037,148.0824648,117.5683318,0.793938242,0.753643153,0.793938242,0.207408234
Track_1900,394,394,13,1,0,0,0,1,39,159,198,54.41167942,62.70612569,233.470595,0,1.794796428,2.146849114,1.211834636,1.932428329,0.326634898,24.95375054,68.24817532,54.41167942,0.797262039,1.395171267,0.777342347,0.222161481
Track_1901,395,395,22,1,0,0,0,2,69,180,249,98.62615975,53.17278851,231.5399066,0,1.498153809,1.8240504,0.841986843,1.574851548,0.241353415,21.1561555,103.8327993,98.62615975,0.949855541,1.429364634,0.954084037,0.112878943
Track_1902,396,396,30,1,0,0,0,2,93,141,234,124.2253464,56.0428159,234.3509945,0,1.62614278,2.345321697,0.457720672,1.761589677,0.5113933,38.98545448,144.2207459,125.3100053,0.861355595,1.335756412,0.821426279,0.124164289
Track_1903,397,397,12,0,0,0,0,0,33,177,210,55.34992976,31.53726387,236.2148113,0,1.687822638,1.865526638,1.046538043,1.719184578,0.2264929,24.98289613,55.69814707,55.34992976,0.993748135,1.677270599,0.993748135,0.035487852
Track_1904,398,398,40,0,0,0,0,0,117,144,261,154.8044249,69.77802575,237.0288345,0,1.491112255,2.279766806,0.625183275,1.448431163,0.375629423,41.39912454,174.4601339,154.8044249,0.887334094,1.323114742,0.887334094,0.136810143
Track_1906,400,400,23,0,0,0,0,0,66,141,207,68.04050861,28.73425563,242.4115528,0,1.314513039,1.917025771,0.296606061,1.400484885,0.412232734,56.992836,86.75786055,68.04050861,0.784257567,1.030916797,0.784257567,0.263749333
Track_1907,401,401,60,3,0,0,0,2,189,156,345,230.1611039,129.5816132,245.5174696,0,1.417085518,2.12237854,0.467410287,1.504576512,0.366376738,26.02566028,262.8014182,230.1611039,0.875798561,1.217783619,0.859357888,0.161136521
Track_1909,403,403,22,1,0,0,0,2,69,144,213,62.587642,22.82918423,250.295636,0,1.407748604,1.93610616,0.544577719,1.510812239,0.372046737,31.26953875,91.95562834,62.587642,0.680628724,0.907067275,0.644338963,0.256576922
Track_1910,404,404,80,2,0,0,0,2,246,144,390,299.0293127,128.346427,239.1256647,0,1.463565788,2.606905065,0.109456322,1.487561087,0.392100295,37.83861927,357.8382284,299.0293127,0.835655022,1.215566312,0.830551194,0.133100568
Track_1913,407,407,29,1,0,0,0,2,90,150,240,65.24691106,42.30347123,252.3975698,0,1.369822046,2.400505903,0.443944393,1.503693956,0.519135015,36.73026534,117.7287182,65.24691106,0.554214061,0.724965678,0.529240773,0.370135322
Track_1916,410,410,31,1,0,0,0,2,96,174,270,88.48736831,99.2195516,255.950683,0,1.503429221,2.122418944,0.422845649,1.547894826,0.35984825,28.83702798,143.7265065,88.48736831,0.615664921,0.92174342,0.61309399,0.27273029
Track_1917,411,411,20,1,0,0,0,2,63,165,228,52.78170233,118.2699501,270.1784259,0,1.847317042,2.300989847,0.435837052,2.007042937,0.4524489,37.35547204,114.2555561,52.78170233,0.4619618,0.837804799,0.453525183,0.217259297
Track_1919,413,413,24,0,0,0,0,0,69,144,213,52.20519727,26.63242088,266.002674,0,1.293939627,1.960712429,0.04018211,1.325968927,0.466793095,43.51022454,89.28183426,52.20519727,0.584723619,0.756597062,0.584723619,0.498072175
Track_1923,417,417,19,2,0,0,0,2,63,144,207,77.04819107,102.0988457,265.3456487,0,1.837237892,2.397140609,0.102973775,2.129556902,0.663235335,48.46003603,103.4146714,77.17564493,0.745041202,1.22298716,0.665666197,0.223262417
Track_1924,418,418,12,1,0,0,0,2,39,159,198,48.43821412,148.3333222,273.6494864,0,2.018814901,2.564392035,0.054818953,2.463177745,0.791997328,39.78995534,66.94980544,48.43821412,0.723500446,1.24200549,0.615215139,0.237881703
Track_1925,419,419,38,0,0,0,0,0,111,144,255,86.76522509,34.27837377,269.0522992,0,1.231838868,1.963105896,0.518303114,1.293475254,0.383077749,42.32079899,136.7341144,86.76522509,0.634554336,0.781668695,0.634554336,0.33585554
Track_1928,422,422,18,0,0,0,0,0,51,144,195,62.73113602,58.17415539,272.1997181,0,1.535481394,2.723856632,0.221606157,1.506923289,0.463239757,49.76920552,78.3095511,62.73113602,0.801066219,1.230022275,0.801066219,0.184582366
Track_1931,425,425,20,0,0,0,0,0,57,180,237,87.3056372,119.8782628,280.5826807,0,1.539587771,1.932935358,1.156901518,1.562139074,0.188803456,38.87444222,87.75650294,87.3056372,0.99486231,1.531677846,0.99486231,0.034441141
Track_1933,427,427,35,0,0,0,0,0,102,168,270,100.2339766,77.64301764,278.0889171,0,1.216261513,1.71019318,0.412003148,1.253679488,0.252833258,24.51956419,124.0586744,100.2339766,0.807956212,0.982686045,0.807956212,0.260449622
Track_1934,428,428,18,0,0,0,0,0,51,162,213,48.78729185,21.76005119,280.1211427,0,1.059039516,1.483030307,0.759731406,1.085589426,0.178157617,46.08981164,54.01101532,48.78729185,0.903284109,0.956613566,0.903284109,0.090203877
Track_1940,434,434,37,1,0,0,0,2,114,162,276,110.655073,92.14664517,207.2892578,0,1.425955116,1.881583279,0.18778163,1.511558929,0.335208459,43.47258953,160.8274774,110.655073,0.688035868,0.970658535,0.680707636,0.231393203
Track_1942,436,436,25,2,0,0,0,2,84,144,228,52.07241379,16.14720522,214.1114118,0,1.29564704,1.804512305,0.281390733,1.380847957,0.334385233,32.04666967,109.4401426,52.07241379,0.475807254,0.619909688,0.478455682,0.341853836
Track_1946,440,440,34,1,0,0,0,2,105,162,267,87.0788294,31.71165684,226.1478035,0,1.286802058,2.146169602,0.295007327,1.34050572,0.400030774,27.70859941,134.937472,87.0788294,0.645327262,0.829322185,0.644483104,0.220479398
Track_1958,452,452,42,2,0,0,0,2,135,141,276,117.7352021,44.15138957,264.5689122,0,1.295257323,1.710512843,0.339585152,1.332458762,0.282625752,41.97013086,174.6940095,117.7352021,0.673950998,0.872112608,0.673312239,0.246185337
Track_1960,454,454,20,2,0,0,0,2,69,147,216,66.71640959,96.47776191,260.9385755,0,1.524874087,2.473544761,0.459290143,1.778287107,0.688915287,19.69392731,97.03689309,66.71640959,0.687536539,0.966904487,0.634088083,0.276219799
Track_1965,459,459,20,0,0,0,0,0,57,189,246,56.6896231,25.30565317,206.1764008,0,1.190132403,1.5572804,0.505636963,1.204120447,0.236452384,23.49627092,67.837547,56.6896231,0.83566735,0.994554791,0.83566735,0.159407639
Track_1972,466,466,31,1,0,0,0,2,96,177,273,84.11666101,35.74324379,244.2325027,0,1.359603188,2.000774651,0.469244359,1.476315857,0.36179959,39.40638807,129.1885446,84.11666101,0.651115478,0.876215219,0.644463934,0.356718395
Track_1973,467,467,27,2,0,0,0,2,90,180,270,79.74750758,37.29557822,236.0337765,0,1.322213281,1.732378895,0.244284001,1.360018754,0.352005916,33.41098316,108.8986823,79.74750758,0.732309206,0.886083418,0.670151654,0.239293774
Track_1985,479,479,28,1,0,0,0,2,87,192,279,82.62344744,49.94850932,266.6564351,0,1.321312726,2.062292082,0.242535621,1.374987178,0.339060411,31.71446679,115.4382579,82.62344744,0.71573713,0.949694798,0.718750966,0.21417312
Track_1987,481,481,29,0,0,0,0,0,84,195,279,140.5950574,110.095481,218.9995017,0,1.737001851,2.214980717,0.968560337,1.758670949,0.319507155,42.98788952,145.9081555,140.5950574,0.96358601,1.673750683,0.96358601,0.075117531
Track_1988,482,482,17,0,0,0,0,0,48,195,243,72.07812958,39.76999081,236.4889488,0,1.55798965,1.772452036,1.032119525,1.632009345,0.214963558,28.11550443,74.78350322,72.07812958,0.963823925,1.5016277,0.963823925,0.090858441
Track_1990,484,484,31,0,0,0,0,0,90,195,285,70.29711093,24.89829705,246.8545603,0,1.129274951,2.559230728,0.530528354,1.133549202,0.397504953,57.8933095,101.6347456,70.29711093,0.69166416,0.78107901,0.69166416,0.179140259
Track_1993,487,487,44,0,0,0,0,0,129,195,324,193.2681888,95.7196724,254.0447644,0,1.507909989,2.128903757,1.062844786,1.504141272,0.254957964,52.43192831,194.5203886,193.2681888,0.99356263,1.498203014,0.99356263,0.043370764
Track_1999,493,493,17,0,0,0,0,0,48,198,246,67.48758948,47.78827166,209.1846496,0,1.414057813,1.66612472,0.605407755,1.473037114,0.242154301,12.10631042,67.87477504,67.48758948,0.99429559,1.405991447,0.99429559,0.041386604
Track_2000,494,494,14,0,0,0,0,0,39,198,237,74.23986632,86.78243617,222.5932239,0,1.969590422,2.316574608,0.805609466,2.080495548,0.377771926,13.80692925,76.81402647,74.23986632,0.96648841,1.903586316,0.96648841,0.068001759
Track_2013,507,507,17,0,0,0,0,0,48,201,249,51.44449945,71.39972987,275.8510643,0,1.337079594,1.911961375,0.284913917,1.347092962,0.349690914,46.8903325,64.17982052,51.44449945,0.801568141,1.071760405,0.801568141,0.249865394
Track_2015,509,509,58,1,0,0,0,1,174,201,375,172.6660764,75.67901957,223.0012387,0,1.260817136,2.432803862,0.778512773,1.246725576,0.274493695,56.8961531,219.251906,172.6660764,0.787523719,0.992333772,0.787056064,0.141002811
Track_2018,512,512,29,1,0,0,0,2,90,201,291,116.7010218,69.41356691,241.9757642,0,1.519234875,1.916279428,0.778361128,1.571663992,0.236208168,34.09091168,132.2858963,116.7010218,0.882187936,1.29667802,0.853507276,0.087338437
Track_2021,515,515,102,1,0,0,0,1,306,204,510,381.0020507,174.4621291,228.7941044,0,1.287389631,1.929851717,0.345089631,1.30571086,0.313118034,26.80446341,394.1546521,381.0020507,0.966630861,1.245104741,0.967154551,0.084261011
Track_2026,520,520,45,1,0,0,0,2,138,204,342,138.8388789,61.82615565,266.3252051,0,1.255148651,1.594814956,0.322206234,1.278973046,0.223124413,44.01133583,172.5413585,138.8388789,0.804670139,1.006078833,0.801561498,0.129915224
Track_2027,521,521,19,0,0,0,0,0,54,204,258,57.32004631,77.53265204,277.8963797,0,1.249807898,1.508681231,0.498130201,1.330985701,0.235463708,32.86446007,67.48962649,57.32004631,0.849316396,1.061482339,0.849316396,0.274427701
Track_2030,524,524,14,0,0,0,0,0,39,207,246,49.22103358,26.0251874,213.9868229,0,1.437817297,1.992056118,0.832480525,1.452230291,0.269689866,18.22480614,56.07487458,49.22103358,0.877773405,1.262077784,0.877773405,0.116064164
Track_2031,525,525,12,0,0,0,0,0,33,207,240,46.48361008,98.87738617,241.8233998,0,1.86737912,2.578736849,1.34519582,1.864980561,0.30709198,58.38927682,61.62351098,46.48361008,0.754316159,1.408594245,0.754316159,0.208291896
Track_2033,527,527,32,1,0,0,0,2,99,207,306,85.5443018,35.04010991,260.0117723,0,1.233656691,1.575756983,0.714074456,1.268762886,0.210935645,44.47654733,123.9552983,85.5443018,0.690122189,0.864083857,0.700424894,0.164245127
Track_2036,530,530,27,1,0,0,0,2,84,210,294,85.63150888,42.55014671,239.137087,0,1.305072819,1.812267107,0.158180769,1.407053992,0.370378637,28.82870702,108.3889099,85.63150888,0.790039396,1.019422725,0.781123252,0.189035193
Track_2038,532,532,39,2,0,0,0,1,120,213,333,137.6316798,63.7826209,251.9744519,0,1.386707461,2.17789293,0.482087692,1.398046096,0.26772319,36.79558198,169.553132,137.6316798,0.811731863,1.146930665,0.827089128,0.096225439
Track_2039,533,533,20,0,0,0,0,0,57,213,270,87.10496257,94.1703127,249.2344824,0,1.705746114,1.923437525,1.396165393,1.681486123,0.121076777,24.37959549,97.22752849,87.10496257,0.895887861,1.528157238,0.895887861,0.13490141
Track_2042,536,536,42,1,0,0,0,1,126,213,339,144.5882988,73.51015256,267.5162326,0,1.241351652,1.882277299,0.566499334,1.245600469,0.232668939,49.37668711,156.6351612,144.5882988,0.923089667,1.147526181,0.924416687,0.088249426
Track_2043,537,537,14,0,0,0,0,0,39,213,252,63.6770987,191.4373249,264.4172782,0,1.708523868,2.095811981,1.146436904,1.761138849,0.251483391,7.135607822,66.63243083,63.6770987,0.955647241,1.63274612,0.955647241,0.108613289
Track_2044,538,538,17,0,0,0,0,0,48,216,264,47.58842394,36.48961498,260.0359315,0,1.203694559,1.456214021,0.491155313,1.30191691,0.251527541,52.91995896,57.77733885,47.58842394,0.823652056,0.991425499,0.823652056,0.254873718
Track_2047,541,541,10,0,0,0,0,0,27,216,243,49.69509091,195.6847256,270.7493809,0,1.844250157,2.239606642,1.313257882,1.890643552,0.282469675,43.11522751,49.79475424,49.69509091,0.997998517,1.840558922,0.997998517,0.032322961
Track_2050,544,544,55,2,0,0,0,1,168,213,381,116.0823752,59.33026066,280.3830986,0,0.811777783,1.376279807,0.403147809,0.815873923,0.234291267,27.10450188,134.5825726,116.0823752,0.862536456,0.690966519,0.851176927,0.146523043
Track_2055,549,549,19,0,0,0,0,0,54,210,264,54.05299144,31.10032511,204.1158196,0,1.162126705,1.606651372,0.638431892,1.163055389,0.246079585,38.07641762,62.75484206,54.05299144,0.86133579,1.000981323,0.86133579,0.171520252
Track_2056,550,550,128,1,0,0,0,1,384,213,597,426.3538572,192.571494,219.5324354,0,1.239949173,2.089151181,0.365124575,1.257478966,0.268972408,41.71521187,478.5666627,426.3538572,0.890897529,1.110296503,0.895437109,0.15082801
Track_2058,552,552,70,1,0,0,0,1,210,219,429,236.4353352,105.1841859,208.6544621,0,1.205777129,1.801671332,0.263088223,1.25777873,0.268835175,34.17002281,251.5713941,236.4353352,0.939833943,1.125882549,0.933740176,0.095951903
Track_2066,560,560,24,4,0,0,0,2,93,210,303,57.196381,28.80670135,221.8902857,0,1.089906553,1.5538295,0.313434676,1.138873928,0.340308321,29.49002308,94.76019736,57.196381,0.603590775,0.615014849,0.564282183,0.346112675
Track_2070,564,564,72,0,0,0,0,0,213,225,438,233.5909304,112.7563421,234.8572877,0,1.114757357,1.708922287,0.582185969,1.119008494,0.248087383,40.24789036,237.443317,233.5909304,0.983775553,1.096671035,0.983775553,0.065834579
Track_2071,565,565,24,0,0,0,0,0,69,222,291,91.23354253,74.51234175,234.6466702,0,1.410935969,1.796440444,0.393243186,1.466186929,0.296774688,28.84563357,97.35458184,91.23354253,0.937126336,1.322225254,0.937126336,0.114580988
Track_2072,566,566,24,1,0,0,0,1,72,225,297,114.492957,89.36827905,239.3943858,0,1.59100231,2.412245408,1.084700879,1.545062393,0.267857819,25.03865959,117.0158956,114.492957,0.978439352,1.590179959,0.999483124,0.049448151
Track_2075,569,569,23,0,0,0,0,0,66,225,291,76.15926403,67.44857005,244.6011663,0,1.289388391,1.630047329,0.387486325,1.328923054,0.274509731,30.44086925,85.09963378,76.15926403,0.894942324,1.153928243,0.894942324,0.175210199
Track_2076,570,570,54,0,0,0,0,0,159,228,387,230.6893823,145.2946151,241.8161493,0,1.512400293,2.007795417,0.222886363,1.544660482,0.277488971,34.7729259,240.4716466,230.6893823,0.959320508,1.450876618,0.959320508,0.080215102
Track_2080,574,574,52,1,0,0,0,2,159,234,393,142.4871234,66.96317808,206.966267,0,0.96627354,1.324748513,0.158121819,0.998061416,0.246005345,52.64220288,154.6087345,142.4871234,0.921598148,0.89614543,0.927424164,0.081518939
Track_2081,575,575,15,0,0,0,0,0,42,237,279,64.35645189,70.03070009,215.0328418,0,1.553084687,1.743483075,1.216676815,1.605568617,0.140311916,27.7579689,65.22955685,64.35645189,0.986614887,1.532296473,0.986614887,0.070778175
Track_2083,577,577,33,0,0,0,0,0,96,231,327,115.4655051,53.78661691,231.4870185,0,1.209363846,1.680595263,0.919641353,1.217303668,0.192195576,54.55782838,116.0989293,115.4655051,0.9945441,1.202765678,0.9945441,0.039477591
Track_2084,578,578,33,1,0,0,0,2,102,231,333,137.8916956,195.275531,246.3572984,0,1.807769064,2.516540351,0.780545927,1.833363191,0.371593568,22.60586463,178.2291057,137.8916956,0.77367664,1.351879369,0.747816409,0.171588966
Track_2085,579,579,63,0,0,0,0,0,186,231,417,203.8080965,92.11372896,232.3989957,0,1.10511023,1.59012236,0.553549034,1.126109206,0.247537918,57.51023937,205.5505027,203.8080965,0.991523221,1.095742455,0.991523221,0.045489778
Track_2087,581,581,25,0,0,0,0,0,72,237,309,110.4596647,105.9533499,241.1854546,0,1.570481235,1.894278555,1.272639725,1.567398866,0.17379074,41.0791074,113.0746489,110.4596647,0.976873824,1.53416201,0.976873824,0.060282648
Track_2088,582,582,33,0,0,0,0,0,96,234,330,114.9034716,55.49657019,266.7481255,0,1.204895327,1.639489938,0.708135332,1.215972199,0.211252102,51.14142308,115.6699514,114.9034716,0.993373562,1.196911162,0.993373562,0.041469601
Track_2090,584,584,17,0,0,0,0,0,48,231,279,57.28372248,120.4348862,273.3965208,0,1.290538684,1.890090438,1.03729346,1.298131447,0.198052483,11.88783334,61.94585682,57.28372248,0.924738561,1.193410885,0.924738561,0.083696961
Track_2091,585,585,38,0,0,0,0,0,111,234,345,92.83957647,85.75949486,280.5922705,0,0.931269796,1.350835697,0.541719206,0.920089593,0.21375234,28.44431084,103.3709474,92.83957647,0.898120592,0.836392581,0.898120592,0.131794825
Track_2094,588,588,70,0,0,0,0,0,207,246,453,186.2764004,82.65039619,222.3379822,0,1.028039216,1.55961055,0.419459717,1.030669174,0.235684826,31.59999196,212.8041177,186.2764004,0.875342086,0.899885992,0.875342086,0.142520204
Track_2095,589,589,53,0,0,0,0,0,156,240,396,172.6243025,78.53915777,226.4977238,0,1.12436938,1.540496246,0.57481079,1.175067484,0.223819321,44.67572919,175.4016233,172.6243025,0.984165934,1.106566041,0.984165934,0.056543625
Track_2097,591,591,44,0,0,0,0,0,129,243,372,161.0395788,79.19809617,236.3611164,0,1.255905702,1.597077255,0.724067282,1.280275398,0.175906417,64.22207163,162.0118355,161.0395788,0.993998854,1.248368828,0.993998854,0.048402934
Track_2098,592,592,49,0,0,0,0,0,144,246,390,201.9186547,141.513808,258.9204005,0,1.473040021,1.973099483,0.244967282,1.476063275,0.283680916,58.57000518,212.1177631,201.9186547,0.951917707,1.40221288,0.951917707,0.088550449
Track_2099,593,593,46,0,0,0,0,0,135,243,378,173.3878149,85.06358009,263.0086194,0,1.382782528,2.056998123,1.05861572,1.37727195,0.175990805,45.03887698,186.6756413,173.3878149,0.928818638,1.284354184,0.928818638,0.057639488
Track_2101,595,595,27,0,0,0,0,0,78,246,324,79.05352012,39.02269319,268.0303904,0,1.071981971,1.430659617,0.488729039,1.088958255,0.214290433,52.27741898,83.61459377,79.05352012,0.945451225,1.013506668,0.945451225,0.124471592
Track_2102,596,596,64,1,0,0,0,2,195,243,438,201.6289837,92.08079804,272.0262081,0,1.10887994,1.558991644,0.451630503,1.123521489,0.214826913,58.05800617,215.7845024,201.6289837,0.934399744,1.033994788,0.932467755,0.070293368
Track_2103,597,597,18,0,0,0,0,0,51,243,294,55.41232709,132.6025237,275.6373441,0,1.227138973,1.624995862,0.396622721,1.340977041,0.403722152,16.83820253,62.58408761,55.41232709,0.885406007,1.086516217,0.885406007,0.253306551
Track_2125,619,619,25,1,0,0,0,1,75,249,324,80.21585201,40.94061117,271.6498715,0,1.081583487,1.306169446,0.818465857,1.095273073,0.134645065,22.83023825,80.82740508,80.21585201,0.99243384,1.069544693,0.988869288,0.053941816
Track_2127,621,621,19,0,0,0,0,0,54,249,303,44.67991636,27.41691266,280.1933583,0,0.831102319,1.107858394,0.612916754,0.877622572,0.145318143,26.12180396,44.87952524,44.67991636,0.99555234,0.827405858,0.99555234,0.027821259
Track_2128,622,622,64,1,0,0,0,2,195,249,444,175.4585235,75.70840145,225.7444671,0,1.031204141,1.404841016,0,1.082971074,0.263224323,46.64263478,201.9074916,175.4585235,0.869004523,0.8997873,0.872559821,0.103374941
Track_2141,635,635,58,1,0,0,0,1,174,258,432,121.6664681,52.65113925,199.7681518,0,0.773129264,1.166759138,0.384362374,0.766612648,0.189204245,44.96647385,135.1386592,121.6664681,0.900308386,0.699232575,0.904418714,0.087649735
Track_2142,636,636,23,1,0,0,0,1,69,258,327,74.5181337,46.10434335,205.1256469,0,1.088515676,1.394932969,0.732868058,1.101969759,0.158637382,12.68063207,75.50383345,74.5181337,0.986945037,1.079972952,0.992151952,0.047092538
Track_2143,637,637,28,2,0,0,0,1,87,255,342,101.5931458,79.35636244,216.6472873,0,1.224184198,1.692017832,0.165383184,1.211114098,0.286102381,17.4362981,107.705259,101.5931458,0.943251488,1.167737308,0.953890199,0.103239988
Track_2145,639,639,28,1,0,0,0,1,84,264,348,95.85178598,69.12482825,219.5392093,0,1.214491032,1.482249859,0.442737306,1.242341011,0.208298273,48.46001077,102.0938112,95.85178598,0.938859906,1.14109269,0.939564526,0.109372501
Track_2147,641,641,109,0,0,0,0,0,324,264,588,355.6511472,167.6133546,235.5815174,0,1.131721798,1.636521577,0.588698319,1.093502093,0.224939201,54.94393721,366.6778626,355.6511472,0.969928058,1.097688726,0.969928058,0.082182724
Track_2148,642,642,37,0,0,0,0,0,108,258,366,113.3523764,50.72871993,234.8308655,0,1.150200244,2.123416319,0.816653428,1.083143994,0.23814069,60.5568442,124.2216263,113.3523764,0.912501146,1.049559041,0.912501146,0.089461148
Track_2150,644,644,24,0,0,0,0,0,69,264,333,96.22655611,110.1720429,240.4006624,0,1.415103414,1.827201861,0.984983759,1.446226676,0.216215824,19.0507981,97.64213559,96.22655611,0.985502371,1.39458777,0.985502371,0.068239715
Track_2153,647,647,22,0,0,0,0,0,63,261,324,74.02491775,37.96332614,263.2200369,0,1.180372458,1.406252958,0.996217135,1.184532925,0.104699117,43.34087172,74.36346484,74.02491775,0.9954474,1.174998695,0.9954474,0.038216847
Track_2154,648,648,32,0,0,0,0,0,93,264,357,139.6212577,142.3290593,262.3422488,0,1.532206395,1.874102578,0.675960006,1.567622059,0.279535564,34.44674861,142.4951948,139.6212577,0.979831341,1.501303846,0.979831341,0.076076069
Track_2155,649,649,51,1,0,0,0,1,153,261,414,152.5471805,74.71911578,276.9129921,0,1.005526282,1.898621856,0.147027485,1.02067588,0.241609841,44.46191077,156.5248079,152.5471805,0.974587879,0.997040396,0.991560751,0.085074381
Track_2159,653,653,63,1,0,0,0,2,192,267,459,169.7807132,84.17761655,201.8414295,0,0.957672869,1.566677685,0.431922536,0.953670988,0.193482753,37.14886808,184.1696633,169.7807132,0.921871225,0.884274548,0.923357628,0.079751194
Track_2160,654,654,30,0,0,0,0,0,87,270,357,101.4739435,49.55383612,210.1259147,0,1.177446326,1.566518648,0.877445621,1.164047058,0.15782455,50.97749742,102.4378304,101.4739435,0.990590518,1.166367166,0.990590518,0.050445509
Track_2161,655,655,23,0,0,0,0,0,66,270,336,77.88631856,43.61806361,213.7150617,0,1.185575401,1.372277812,0.962845852,1.195668562,0.09675049,28.61678607,78.24797647,77.88631856,0.995378054,1.180095736,0.995378054,0.033030565
Track_2162,656,656,26,0,0,0,0,0,75,279,354,88.92801334,42.58155934,219.2640423,0,1.212758212,1.495179746,1.01685175,1.232868911,0.122970017,29.06534318,90.95686593,88.92801334,0.977694344,1.185706844,0.977694344,0.048040234
Track_2163,657,657,45,1,0,0,0,2,138,270,408,161.0254736,74.73515782,225.3271718,0,1.176070973,1.585967348,0.545071138,1.16153832,0.184947805,23.10682574,162.3379835,161.0254736,0.991914955,1.166851258,0.992160579,0.041689232
Track_2164,658,658,61,1,0,0,0,1,183,267,450,105.5860602,30.50070211,221.2624552,0,0.767358092,1.738626872,0,0.906510234,0.430094558,27.07214379,143.3403371,105.5860602,0.736610938,0.576973007,0.751895383,0.221418568
Track_2165,659,659,24,0,0,0,0,0,69,279,348,49.90386122,22.01585639,245.2056811,0,1.147190085,2.317461715,0.495836283,1.164014172,0.396785365,24.78238271,79.15611588,49.90386122,0.630448585,0.723244366,0.630448585,0.281822291
Track_2166,660,660,30,0,0,0,0,0,87,279,366,120.4303129,81.83611734,241.6307922,0,1.389507337,1.660257989,1.123408817,1.425647803,0.139258555,38.12868247,120.8871383,120.4303129,0.996221059,1.38425647,0.996221059,0.031400767
Track_2172,666,666,20,0,0,0,0,0,57,279,336,72.81812897,47.30964108,250.5668495,0,1.288002761,1.482013691,1.063565517,1.321017029,0.135239836,36.60525625,73.4161574,72.81812897,0.991854267,1.277511035,0.991854267,0.056793302
Track_2173,667,667,22,2,0,0,0,2,72,276,348,56.7080503,24.57378648,265.0807178,0,1.095875367,2.126874505,0.533132704,1.036150965,0.362451063,25.35213158,80.13095015,56.7080503,0.707692224,0.78761181,0.718705643,0.199758064
Track_2174,668,668,43,3,0,0,0,2,141,276,417,101.1919471,49.16150956,270.0433886,0,1.024461437,1.615585199,0.456807692,1.093746966,0.267518693,29.59071933,145.9936229,101.1919471,0.693125802,0.717673383,0.700537236,0.16282167
Track_2176,670,670,16,1,0,0,0,1,48,276,324,48.70809376,32.7974592,265.7215484,0,1.071882694,1.78245929,0.731880272,1.066110187,0.26226803,15.43673536,50.65371562,48.70809376,0.96158975,1.014751953,0.946700566,0.093915287
Track_2177,671,671,34,2,0,0,0,2,108,276,384,86.24441731,46.51565502,275.4634219,0,1.007270433,2.104422089,0.611451661,0.955120607,0.294767048,40.42470148,110.5017075,86.24441731,0.780480404,0.79855942,0.792795453,0.106809136
Track_2179,673,673,39,0,0,0,0,0,114,270,384,98.27458395,58.04882893,278.916691,0,0.886913763,1.319127536,0.517712731,0.900649002,0.175634935,28.09742594,101.108169,98.27458395,0.971974717,0.862057754,0.971974717,0.089702408
Track_2186,680,680,78,2,0,0,0,1,237,270,507,186.6463868,73.21684762,266.7724573,0,1.004445766,2.02536248,0.242641195,1.026802221,0.260221066,45.93407051,241.9612748,186.6463868,0.7713895,0.787537497,0.784051787,0.155983161
Track_2188,682,682,16,0,0,0,0,0,45,282,327,69.47941025,185.0449767,211.5880056,0,1.557148539,2.006916293,1.146999347,1.570769351,0.258111394,9.707271427,70.07168426,69.47941025,0.991547598,1.543986894,0.991547598,0.043616417
Track_2191,685,685,103,0,0,0,0,0,306,282,588,352.5354357,165.8803446,239.0591952,0,1.213674999,1.689180844,0.626945829,1.183849624,0.219473303,50.48045507,371.3845496,352.5354357,0.94924637,1.152076587,0.94924637,0.080296424
Track_2195,689,689,28,0,0,0,0,0,81,291,372,77.43685487,38.48604304,205.628898,0,0.96440933,1.143612555,0.772461606,0.985403062,0.101790191,57.20115815,78.11715572,77.43685487,0.991291275,0.956010554,0.991291275,0.040737544
Track_2199,693,693,53,2,0,0,0,2,165,276,441,152.0689177,71.54254229,257.0390096,0,1.04960719,2.362492811,0.436585621,1.068950202,0.297279224,23.74110786,174.8329613,152.0689177,0.86979547,0.921629804,0.878071161,0.127983698
Track_2200,694,694,31,1,0,0,0,2,96,276,372,77.96814585,35.75654023,263.4073709,0,1.049000927,1.335747461,0.672082154,1.070623326,0.170255755,49.87909397,99.56567936,77.96814585,0.783082548,0.812168186,0.774230189,0.146681144
Track_2201,695,695,30,1,0,0,0,2,93,291,384,69.4004101,32.22761986,269.3749864,0,0.9896074,1.359967442,0.633661034,0.968801819,0.153154616,50.38074706,94.25564848,69.4004101,0.736299747,0.746240969,0.754077797,0.115057283
Track_2203,697,697,106,2,0,0,0,1,321,276,597,244.1599166,114.886299,277.1933123,0,0.84570085,1.795204949,0.266891638,0.838772029,0.214705953,37.8887928,274.906734,244.1599166,0.888155459,0.760622793,0.899399348,0.08332531
Track_2205,699,699,41,0,0,0,0,0,120,285,405,112.4324445,118.0452911,278.2558855,0,1.047020931,1.943070023,0.259957627,1.08107266,0.304438991,35.67885041,125.6425117,112.4324445,0.894859893,0.936937038,0.894859893,0.139738891
Track_2207,701,701,19,0,0,0,0,0,54,297,351,51.46695895,78.90176087,262.2964917,0,0.981924208,1.553846357,0.575339601,0.979816511,0.248124724,17.35017448,53.02390724,51.46695895,0.970636862,0.953091832,0.970636862,0.095187469
Track_2212,706,706,38,3,0,0,0,2,126,285,411,106.3269915,60.40625893,244.3910919,0,1.08251845,1.835864189,0.596942016,1.094951338,0.249926185,26.3884182,135.0118264,106.3269915,0.787538354,0.843865012,0.779538688,0.155130225
Track_2213,707,707,25,0,0,0,0,0,72,309,381,69.76459241,34.52459458,209.5013697,0,0.986492944,1.284307056,0.790727962,0.974002417,0.11625128,36.61437237,71.02749197,69.76459241,0.982219567,0.968952672,0.982219567,0.05969594
Track_2214,708,708,37,1,0,0,0,1,111,303,414,100.8319224,56.40177411,222.0462576,0,1.084819338,1.659980764,0.786014235,1.057631976,0.187060743,22.78251189,119.8161375,100.8319224,0.84155544,0.908395697,0.837370487,0.125064742
Track_2215,709,709,27,0,0,0,0,0,78,300,378,82.38149888,38.19120783,227.3261795,0,1.154010172,1.463026839,0.757744303,1.169623296,0.188980877,46.10897538,90.01279339,82.38149888,0.91521989,1.056173063,0.91521989,0.102592509
Track_2216,710,710,38,0,0,0,0,0,111,303,414,80.25207659,30.02005122,227.6118951,0,1.024007339,2.287374026,0.376877349,1.018643697,0.31812417,35.705938,113.6648146,80.25207659,0.706041504,0.722991681,0.706041504,0.233271199
Track_2218,712,712,73,1,0,0,0,1,219,291,510,305.370898,235.4318786,240.2709175,0,1.441172639,2.079296603,1.0081788,1.4222806,0.23118466,49.53865714,314.7909604,305.370898,0.970075182,1.394387662,0.967536868,0.065021157
Track_2222,716,716,28,2,0,0,0,2,93,309,402,60.63755633,27.72650406,242.9007253,0,1.004816775,1.551254755,0.117260927,1.040723611,0.306227191,28.53885957,90.9987338,60.63755633,0.666356045,0.652016735,0.648891172,0.159462199
Track_2223,717,717,35,0,0,0,0,0,102,300,402,93.20458041,59.59318578,269.5509505,0,1.046529349,1.847855231,0.627848738,1.029507637,0.241060105,21.17703863,106.7459936,93.20458041,0.873143593,0.913770396,0.873143593,0.11777046
Track_2224,718,718,47,1,0,0,0,2,144,309,453,184.7077515,156.5530839,265.9924113,0,1.2902673,1.620660185,0.983855884,1.294203143,0.134174631,40.09846328,185.6752365,184.7077515,0.99478937,1.282692719,0.994129448,0.03966471
Track_2228,722,722,96,1,0,0,0,1,288,309,597,212.6777706,100.3687648,276.8818307,0,0.787453898,1.470309893,0.289297261,0.797971419,0.199600336,30.19749118,226.3973502,212.6777706,0.939400441,0.738464481,0.937787575,0.103793373
Track_2229,723,723,41,1,0,0,0,2,126,309,435,97.76583769,44.65305532,279.5444716,0,0.780211852,1.26200302,0.508099127,0.763736583,0.156305444,32.18622567,99.6063632,97.76583769,0.981522009,0.775919347,0.994498282,0.06915403
Track_2230,724,724,40,0,0,0,0,0,117,312,429,119.4543436,64.21320133,239.9802481,0,1.104675388,1.392906742,0.729615888,1.127207297,0.120547525,47.5381433,129.2470204,119.4543436,0.924232862,1.020977295,0.924232862,0.087076181
Track_2231,725,725,28,1,0,0,0,2,87,312,399,69.19523678,33.71350746,227.6760981,0,1.035585304,1.964173585,0.531859028,1.01778077,0.260898727,31.5676895,91.89771554,69.19523678,0.75295927,0.795347549,0.768017416,0.161036545
Track_2232,726,726,40,0,0,0,0,0,117,312,429,122.9121443,60.82025657,255.7022728,0,1.056762912,1.328349957,0.843967534,1.056421631,0.132674369,57.64329031,123.6412607,122.9121443,0.994102969,1.050531148,0.994102969,0.033976201
Track_2234,728,728,92,2,0,0,0,2,285,312,597,220.6188053,101.5000781,213.1488376,0,0.89989268,2.468545605,0.203881314,0.908314272,0.259102405,48.43395555,253.6466606,220.6188053,0.869787936,0.774101071,0.860214877,0.116367052
Track_2235,729,729,26,0,0,0,0,0,75,315,390,62.87305462,30.69057288,277.0123652,0,0.846484487,1.078588244,0.588185241,0.840722132,0.100359865,34.51912394,63.48633653,62.87305462,0.990339939,0.838307395,0.990339939,0.049378222
Track_2237,731,731,19,0,0,0,0,0,54,315,369,45.01408914,26.67431265,209.5920148,0,0.924896418,1.239618135,0.697205085,0.9552309,0.174966258,34.46835194,49.94440657,45.01408914,0.901283892,0.833594243,0.901283892,0.124464163
Track_2239,733,733,65,1,0,0,0,1,195,318,513,196.9422779,98.47387884,234.6146695,0,1.034925783,1.729053636,0.296780728,1.015444557,0.208036014,45.56419398,203.8929113,196.9422779,0.965910372,1.009960399,0.975877126,0.108327278
Track_2241,735,735,36,1,0,0,0,1,108,324,432,71.03636695,26.52735118,242.5190581,0,1.0885628,2.561447432,0.569929332,1.027642884,0.363807669,46.10747498,120.8271042,71.03636695,0.587917483,0.657744138,0.604231688,0.201147367
Track_2242,736,736,62,3,0,0,0,2,195,324,519,139.1366869,69.210731,266.9082388,0,0.769054587,1.586201926,0.461937703,0.730332035,0.200929886,15.45519477,153.9038242,139.1366869,0.904049575,0.713521471,0.927790411,0.116336217
Track_2243,737,737,27,1,0,0,0,2,84,324,408,77.12680832,38.31987419,255.8165585,0,0.989430444,2.426122919,0.5716701,0.983692801,0.346872347,42.08950073,84.66227052,77.12680832,0.910993856,0.91817629,0.927984676,0.15607361
Track_2245,739,739,24,0,0,0,0,0,69,336,405,49.76087316,25.41764276,278.1814875,0,0.739315516,1.198545869,0.426008247,0.722999413,0.196806046,31.03122161,51.01277059,49.76087316,0.975459137,0.721172075,0.975459137,0.073820606
Track_2247,741,741,62,0,0,0,0,0,183,327,510,103.6465992,50.41070927,282.6364273,0,0.577262489,0.903299408,0.297828513,0.564542079,0.134115584,32.58779487,105.6390354,103.6465992,0.981139204,0.566374859,0.981139204,0.079417519
Track_2251,745,745,25,0,0,0,0,0,72,357,429,67.71656104,34.97093395,205.7551076,0,0.951191614,1.234349792,0.757559829,0.958756901,0.123492567,18.13927301,68.48579624,67.71656104,0.98876796,0.940507792,0.98876796,0.049198701
Track_2252,746,746,17,0,0,0,0,0,48,348,396,49.79768394,29.31174651,212.4827348,0,1.048458483,1.330779166,0.730617795,1.081808516,0.16498801,6.333104582,50.32600718,49.79768394,0.989501984,1.037451749,0.989501984,0.061711899
Track_2253,747,747,43,0,0,0,0,0,126,327,453,127.3579024,63.20113223,218.6362433,0,1.018963926,1.250035864,0.820057386,1.038071006,0.111288179,40.90420363,128.3894547,127.3579024,0.991965444,1.010777003,0.991965444,0.042824136
Track_2254,748,748,24,0,0,0,0,0,69,354,423,64.86879476,33.36833708,221.2890358,0,0.946129385,1.141877545,0.717279862,0.93210589,0.129876807,36.40466787,65.28292757,64.86879476,0.993656338,0.94012746,0.993656338,0.04590111
Track_2261,755,755,82,0,0,0,0,0,243,354,597,196.6497748,96.14889467,245.0216622,0,0.827643391,1.365226732,0.393364142,0.821696118,0.176308399,35.87882122,201.1173439,196.6497748,0.977786256,0.809258332,0.977786256,0.077396745
Track_2264,758,758,19,0,0,0,0,0,54,348,402,57.60963556,133.412125,263.7867743,0,1.113080968,1.335021262,0.509997875,1.159271977,0.202742423,16.47451885,60.10637228,57.60963556,0.958461364,1.066845103,0.958461364,0.129521418
Track_2265,759,759,39,0,0,0,0,0,114,345,459,116.4152184,58.23093509,267.1161023,0,1.041406005,1.423277693,0.780020403,1.053142802,0.142950178,39.13774093,118.7202846,116.4152184,0.980584057,1.021186126,0.980584057,0.087359385
Track_2269,763,763,26,0,0,0,0,0,75,351,426,69.00461744,33.48658448,272.7032698,0,0.926361258,1.329400269,0.677681692,0.910433644,0.156847583,58.21687045,69.47709433,69.00461744,0.99319953,0.920061566,0.99319953,0.046582809
Track_2276,770,770,15,1,0,0,0,2,48,330,378,44.80880508,26.37978521,253.8368653,0,0.970521613,1.541748748,0.461793664,0.936673601,0.244554576,18.64496826,50.01240022,44.80880508,0.895953901,0.933516772,0.961871184,0.227683244
Track_2278,772,772,18,1,0,0,0,1,54,363,417,50.09519179,31.60933841,227.307886,0,0.962385928,1.206123954,0.565138882,0.989269695,0.186175345,14.9371309,52.38155358,50.09519179,0.956351776,0.927688737,0.963946697,0.106651214
Track_2280,774,774,73,1,0,0,0,1,219,360,579,209.8725237,103.5689449,251.2781999,0,0.971314163,1.353886684,0.70719483,0.965000778,0.145343773,54.88421828,212.2309168,209.8725237,0.988887608,0.958322026,0.986624166,0.052726462
Track_2285,779,779,30,0,0,0,0,0,87,360,447,82.42043012,41.16621928,266.7775219,0,0.952164027,1.308570509,0.742341973,0.931922591,0.118772684,43.87743201,82.83827037,82.42043012,0.994955952,0.947361266,0.994955952,0.03790911
Track_2289,783,783,44,1,0,0,0,1,132,369,501,100.4099904,51.70063023,276.5554236,0,0.794318392,1.437537462,0.406428151,0.755449269,0.196563342,15.97968496,104.5697296,100.4099904,0.960220426,0.760681745,0.957653446,0.101050775
Track_2294,788,788,24,0,0,0,0,0,69,363,432,53.63040625,27.04329197,210.7602392,0,0.793280611,1.164636227,0.553886934,0.754709559,0.150950735,39.57465325,54.73636215,53.63040625,0.979794859,0.777252264,0.979794859,0.08898357
Track_2295,789,789,26,0,0,0,0,0,75,372,447,76.00309188,38.43523017,240.9078475,0,1.026429348,1.194485505,0.823890701,1.0368282,0.101014699,45.69716305,76.98220107,76.00309188,0.987281356,1.013374558,0.987281356,0.063282788
Track_2299,793,793,47,1,0,0,0,1,141,396,537,114.4276469,55.28738002,201.7153525,0,0.821514263,1.174079489,0.481042126,0.826596075,0.160902116,44.52624785,116.0764972,114.4276469,0.985795141,0.811543595,0.987863061,0.054116129
Track_2300,794,794,27,0,0,0,0,0,78,399,477,106.5049102,258.6586653,210.7418001,0,1.381817302,1.871462013,0.922995204,1.376939416,0.23491514,27.28798804,107.7817496,106.5049102,0.988153473,1.365447566,0.988153473,0.067146892
Track_2304,798,798,43,1,0,0,0,1,129,387,516,112.1501307,53.98575411,223.9596113,0,0.905102889,1.491269537,0.443375331,0.91298323,0.197821868,29.84988145,118.5167727,112.1501307,0.946280667,0.869380858,0.960532629,0.108885186
Track_2305,799,799,41,1,0,0,0,1,123,360,483,50.3550217,14.74486945,229.726353,0,0.637715537,1.317246348,0,0.761934984,0.384275734,18.14423722,80.47760348,50.3550217,0.625702301,0.40939042,0.641964005,0.200924207
Track_2306,800,800,48,0,0,0,0,0,141,417,558,117.0752924,57.87030064,235.9275034,0,0.842158762,1.045966983,0.489216112,0.830493935,0.138331945,60.2536552,118.7443855,117.0752924,0.985943815,0.830321223,0.985943815,0.062120236
Track_2307,801,801,44,1,0,0,0,1,132,393,525,117.637431,59.62054071,240.9043352,0,0.899766103,1.148692166,0.63886134,0.900302714,0.11122016,16.7016839,118.7555565,117.637431,0.990584647,0.891192659,0.990471475,0.060860265
Track_2308,802,802,46,1,0,0,0,1,138,417,555,100.0912551,47.4088739,249.0843073,0,0.859582831,2.318783049,0.252143122,0.867876088,0.286012138,28.9256264,119.2980755,100.0912551,0.839001424,0.72529895,0.843780173,0.129593039
Track_2309,803,803,34,0,0,0,0,0,99,402,501,86.02857649,43.56690369,243.7403385,0,0.884826653,1.366633624,0.472668058,0.85261268,0.17259347,22.46620163,87.59783861,86.02857649,0.982085607,0.86897552,0.982085607,0.07174818
Track_2310,804,804,48,0,0,0,0,0,141,402,543,100.2600958,45.59591322,250.6380332,0,0.78342276,1.609967135,0.338436142,0.791058766,0.235738048,23.97423513,110.4626092,100.2600958,0.907638309,0.711064509,0.907638309,0.130244262
Track_2311,805,805,56,0,0,0,0,0,165,393,558,145.1996129,70.83245461,249.1978948,0,0.93634102,2.047062976,0.693581018,0.916300844,0.196354476,45.50923958,154.4962684,145.1996129,0.939826019,0.879997654,0.939826019,0.09118033
Track_2312,806,806,45,0,0,0,0,0,132,399,531,114.8736127,56.99106206,253.6722554,0,0.917877056,1.187506986,0.742527553,0.913102766,0.121521762,63.5591462,121.1597714,114.8736127,0.948116783,0.870254642,0.948116783,0.080875584
Track_2313,807,807,48,0,0,0,0,0,141,420,561,131.3108261,65.39929787,257.7064414,0,0.937808582,1.30899276,0.622751656,0.938906936,0.129580656,56.43319403,132.23101,131.3108261,0.993041088,0.931282455,0.993041088,0.039119459
Track_2315,809,809,32,0,0,0,0,0,93,411,504,84.98171868,42.18657355,261.5633351,0,0.920843161,1.191894697,0.429968485,0.935605497,0.161472434,46.36492248,85.63841394,84.98171868,0.992331768,0.913781921,0.992331768,0.043802052
Track_2316,810,810,34,1,0,0,0,2,105,417,522,62.23646109,28.46587911,269.1182653,0,0.854703972,1.182797288,0.49199276,0.814138213,0.153340299,45.13805096,91.71247695,62.23646109,0.67860408,0.592728201,0.693489466,0.159621062
Track_2318,812,812,54,0,0,0,0,0,159,405,564,149.7698737,74.01905033,267.3581094,0,0.95068224,1.30689534,0.621183918,0.941020099,0.134418401,55.56440379,151.1584762,149.7698737,0.990813598,0.941948891,0.990813598,0.049378689
Track_2319,813,813,38,5,0,0,0,2,132,378,510,57.47908706,21.5663713,269.5475333,0,0.817250306,2.202519986,0.292645993,0.80516345,0.337451685,32.12381964,112.3499111,57.47908706,0.511607766,0.435447629,0.532820393,0.144546094
Track_2320,814,814,37,0,0,0,0,0,108,396,504,99.45006366,50.14254525,270.4350643,0,0.92798068,1.115386483,0.722455438,0.928523987,0.089468079,40.38663372,100.2219134,99.45006366,0.992298593,0.920833923,0.992298593,0.051340024
Track_2321,815,815,38,0,0,0,0,0,111,417,528,79.67007795,39.9463885,269.5498399,0,0.819956543,1.192742284,0.545901833,0.807774323,0.146247665,21.79478672,91.01517627,79.67007795,0.875349378,0.71774845,0.875349378,0.137834741
Track_2322,816,816,22,0,0,0,0,0,63,417,480,53.41735499,63.26580387,272.439708,0,0.851326009,1.163982425,0.546716992,0.84708805,0.142704206,17.10909943,53.63353854,53.41735499,0.995969247,0.847894524,0.995969247,0.037539653
Track_2325,819,819,46,0,0,0,0,0,135,417,552,88.64164284,40.4579116,279.1405645,0,0.66480358,0.97268199,0,0.660404753,0.17292346,25.43460552,89.74848329,88.64164284,0.987667308,0.656604762,0.987667308,0.059413014
Track_2343,837,837,21,0,0,0,0,0,60,423,483,50.26574606,25.6329286,207.1407838,0,0.848178448,1.053158403,0.652884613,0.859024203,0.120178471,21.65275049,50.89070691,50.26574606,0.987719549,0.837762434,0.987719549,0.057837801
Track_2344,838,838,30,2,0,0,0,2,96,432,528,70.59558721,36.59538227,206.6222392,0,0.866690934,1.329464451,0.426619058,0.871818305,0.168690128,16.50075684,84.2065708,70.59558721,0.838361977,0.7353707,0.848480896,0.089459747
Track_2346,840,840,29,0,0,0,0,0,84,429,513,76.71195535,38.55271335,216.9451155,0,0.919321552,1.126273354,0.688206431,0.934065254,0.12083987,33.86987042,77.2230104,76.71195535,0.993382089,0.913237564,0.993382089,0.053377248
Track_2351,845,845,23,0,0,0,0,0,66,429,495,58.27219819,28.44719868,251.4339506,0,0.889420409,1.033355781,0.677303484,0.903733879,0.08606629,62.07226115,58.70174701,58.27219819,0.992682521,0.882912094,0.992682521,0.047854104
Track_2352,846,846,44,0,0,0,0,0,129,441,570,117.9804681,60.2035229,260.3933028,0,0.922378349,1.243781038,0.626759279,0.905286465,0.120525572,28.80055899,118.986807,117.9804681,0.991542433,0.914577272,0.991542433,0.040498977
Track_2356,850,850,13,0,0,0,0,0,36,450,486,47.94493418,282.6957288,198.0972952,0,1.337615289,1.615441318,1.039975949,1.400719188,0.185956789,12.43287274,48.1541504,47.94493418,0.995655282,1.331803727,0.995655282,0.036597953
Track_2358,852,852,40,2,0,0,0,1,123,447,570,88.49062789,45.4253303,204.08101,0,0.777231448,1.500673215,0.321476042,0.812951914,0.212489052,34.54562964,96.77282628,88.49062789,0.914416074,0.719435999,0.925639334,0.112489205
Track_2359,853,853,22,0,0,0,0,0,63,450,513,43.92832806,22.52367602,215.6339048,0,0.875001117,1.853815331,0.231378877,0.882768,0.295049417,18.37114681,55.12507038,43.92832806,0.796884752,0.697275049,0.796884752,0.223075547
Track_2360,854,854,31,0,0,0,0,0,90,447,537,73.75683632,36.10704766,222.2859089,0,0.83524096,1.107369113,0.296606061,0.868991715,0.173257698,20.04878882,75.17168642,73.75683632,0.981178417,0.819520404,0.981178417,0.063950496
Track_2361,855,855,51,0,0,0,0,0,150,447,597,135.4283519,157.6418113,236.6775623,0,0.953569299,1.367169496,0.472632392,0.980688347,0.203086911,33.0782979,143.0353948,135.4283519,0.946817059,0.902855679,0.946817059,0.092025238
Track_2362,856,856,26,1,0,0,0,2,81,447,528,70.71318965,36.5580719,234.2829129,0,0.862752351,1.170836261,0.299151842,0.903916254,0.215551673,30.65494009,71.73144389,70.71318965,0.985804632,0.873002341,1.011880571,0.059205104
Track_2363,857,857,39,1,0,0,0,2,120,435,555,84.2793571,40.729747,252.6425453,0,0.792164194,1.01820519,0.410808323,0.845908432,0.142363765,14.71579464,93.44522041,84.2793571,0.901911909,0.702327976,0.886593942,0.085183333
Track_2369,863,863,29,0,0,0,0,0,84,453,537,56.79489362,22.47856138,211.7060874,0,0.842924993,1.261362776,0.421426497,0.853270075,0.190008574,19.45802907,70.80569941,56.79489362,0.802123192,0.676129686,0.802123192,0.248760819
Track_2374,868,868,23,0,0,0,0,0,66,459,525,50.53603792,30.07939412,247.286229,0,0.786975383,1.268326838,0.457796232,0.798230657,0.195992655,20.98270335,51.9403753,50.53603792,0.97296251,0.765697544,0.97296251,0.077792375
Track_2375,869,869,34,1,0,0,0,2,105,456,561,58.9063978,31.8453104,251.9788965,0,0.690684573,1.461204078,0.364334737,0.673738864,0.268755511,18.7183533,70.6427927,58.9063978,0.833862812,0.561013312,0.812256904,0.152853145
Track_2376,870,870,47,0,0,0,0,0,138,459,597,156.9545026,253.5370937,262.8256415,0,1.157192164,1.6158927,0.711888602,1.17042948,0.224994865,29.28749619,159.6925187,156.9545026,0.98285445,1.137351468,0.98285445,0.068042449
Track_2377,871,871,42,3,0,0,0,1,132,456,588,92.42763858,41.23919591,261.2936252,0,0.884785056,2.223187885,0.153290239,0.869358253,0.315529958,38.42163021,120.9320349,92.42763858,0.764294082,0.700209383,0.791389252,0.124790292
Track_2380,874,874,41,1,0,0,0,1,123,456,579,65.70368648,33.84479107,281.1347897,0,0.546083124,0.729252388,0.148303031,0.560046035,0.1234068,34.30502712,66.87043094,65.70368648,0.982552162,0.534176313,0.978195972,0.071110042
Track_2381,875,875,46,0,0,0,0,0,135,462,597,115.5068001,84.56167136,207.508859,0,0.889047844,1.130250802,0.579513744,0.905668974,0.137036888,30.69955925,120.0214589,115.5068001,0.962384569,0.855605927,0.962384569,0.081735328
Track_2385,879,879,46,0,0,0,0,0,135,462,597,99.26006567,48.78491163,265.2101052,0,0.829839984,1.806951216,0.556886838,0.815797118,0.192795811,51.78271669,112.0283979,99.26006567,0.886025932,0.735259746,0.886025932,0.112867937
Track_2387,881,881,46,0,0,0,0,0,135,462,597,90.50492869,44.31273195,276.3686158,0,0.75205994,1.600600592,0.476363628,0.727075882,0.17436307,32.89808305,101.5280919,90.50492869,0.891427456,0.670406879,0.891427456,0.099753307
Track_2390,884,884,33,0,0,0,0,0,96,471,567,83.74115492,61.20112354,262.8190194,0,0.878172524,1.071540767,0.715315798,0.885629074,0.106604959,35.79201694,84.30456228,83.74115492,0.993317,0.872303697,0.993317,0.038612015
Track_2393,887,887,43,0,0,0,0,0,126,471,597,87.42457812,39.29503755,214.0720845,0,0.807965007,2.267611759,0.473536552,0.779268208,0.263500699,57.21738113,101.8035909,87.42457812,0.858757312,0.693845858,0.858757312,0.08337976
Track_2397,891,891,43,0,0,0,0,0,126,471,597,105.8254517,51.01484244,218.8253236,0,0.84567625,1.073545618,0.306440892,0.879374976,0.159291788,50.21576772,106.5552075,105.8254517,0.993151383,0.839884537,0.993151383,0.038397213
Track_2412,906,906,22,0,0,0,0,0,63,492,555,44.5920668,22.44402511,269.6609164,0,0.717653483,0.990893763,0.512885309,0.720445663,0.112876948,19.82588163,45.21216943,44.5920668,0.986284608,0.707810584,0.986284608,0.050421568
Track_2413,907,907,28,1,0,0,0,2,87,495,582,45.7304191,20.09426069,268.3563946,0,0.801825754,1.309683276,0.478490839,0.779299855,0.197817196,21.25641964,71.21585492,45.7304191,0.642138175,0.525637001,0.65555016,0.147786375
Track_2414,908,908,27,0,0,0,0,0,78,501,579,46.22157678,23.30058552,276.819308,0,0.597233046,0.74646978,0.402240216,0.621140078,0.101219981,12.82219495,46.58417756,46.22157678,0.992216225,0.592584318,0.992216225,0.052280016
Track_2415,909,909,34,0,0,0,0,0,99,498,597,59.51612691,25.91667758,208.2043941,0,0.761593451,2.252013389,0.33682737,0.731231379,0.30097994,59.87105548,75.39775166,59.51612691,0.789362091,0.601172999,0.789362091,0.15303447
Track_2416,910,910,28,0,0,0,0,0,81,501,582,55.11153283,28.59122582,203.092202,0,0.740476299,0.936163473,0.469506675,0.717466101,0.120425968,36.03904508,59.97858021,55.11153283,0.918853575,0.680389294,0.918853575,0.108465291
Track_2419,913,913,19,0,0,0,0,0,54,501,555,45.81767582,37.45395474,221.0881074,0,0.854262407,1.06145433,0.482147446,0.8840807,0.137235311,33.27456444,46.13016996,45.81767582,0.993225818,0.848475478,0.993225818,0.04392441
Track_2424,918,918,12,1,0,0,0,2,39,492,531,45.78191746,246.6785817,244.43454,0,1.217169839,1.507504541,0.981921029,1.197424639,0.17616721,9.089235862,46.38046462,45.78191746,0.987094843,1.173895319,0.964446605,0.064331775
Track_2425,919,919,27,1,0,0,0,2,84,513,597,55.11535449,22.1372215,248.0178342,0,0.873488232,1.305876775,0.272897453,0.879622385,0.185605021,62.40947935,75.96734277,55.11535449,0.725513786,0.656135172,0.751166585,0.103020575
Track_2427,921,921,28,0,0,0,0,0,81,504,585,68.16106248,35.25584974,267.7760475,0,0.848910442,1.043266403,0.590735262,0.898020021,0.126585503,30.78054207,68.76174581,68.16106248,0.99126428,0.841494599,0.99126428,0.048800665
Track_2432,926,926,27,1,0,0,0,1,81,516,597,43.33854742,20.58519182,220.2909295,0,0.662211079,1.532954964,0.190276661,0.664983926,0.272300241,13.28078561,54.64593467,43.33854742,0.793079077,0.535043795,0.807965635,0.189877356
Track_2434,928,928,25,1,0,0,0,2,78,519,597,65.61551907,43.78015762,231.4476149,0,0.840302394,1.266010309,0.479193618,0.831392866,0.156863547,27.33701189,66.41346932,65.61551907,0.987985114,0.841224603,1.001097474,0.044378792
Track_2436,930,930,23,2,0,0,0,2,78,519,597,65.6491462,37.24672143,257.3688384,0,0.829880661,1.201613464,0.269964075,0.905827407,0.24865414,45.76261736,66.38958612,65.6491462,0.988847047,0.841655721,1.014188859,0.075507571
Track_2441,935,935,18,2,0,0,0,1,57,525,582,47.06580497,32.6522865,256.1965876,0,0.824669544,1.034507794,0.582001444,0.872665209,0.157390228,46.9048144,47.62031242,47.06580497,0.988355653,0.825715877,1.001268791,0.052088459
Track_2442,936,936,25,0,0,0,0,0,72,525,597,62.78563478,30.83751417,256.089762,0,0.87959998,1.008895132,0.599150603,0.901810892,0.106709438,33.34262964,63.33119854,62.78563478,0.991385545,0.872022705,0.991385545,0.035738292
Track_2445,939,939,26,0,0,0,0,0,75,522,597,51.76982097,24.59095809,269.6766479,0,0.792441486,1.23056458,0.577827827,0.77741942,0.142486504,26.55605261,59.43311148,51.76982097,0.87106025,0.69026428,0.87106025,0.12190184
Track_2457,951,951,20,0,0,0,0,0,57,540,597,45.45385655,27.96244171,265.6071966,0,0.825997642,1.309861642,0.558130868,0.826421893,0.179788185,28.16002491,47.08186562,45.45385655,0.965421738,0.79743608,0.965421738,0.100211735
Track_2461,955,955,19,0,0,0,0,0,54,543,597,43.90784345,20.39441171,233.0401052,0,0.819046892,1.046089396,0.547604945,0.824539224,0.141415147,66.95426017,44.22853216,43.90784345,0.99274928,0.813108212,0.99274928,0.0375326
Track_2462,956,956,20,0,0,0,0,0,57,540,597,47.05759685,23.88820489,251.1528135,0,0.829817065,1.027609126,0.631668479,0.832248231,0.092010232,27.92848072,47.2995727,47.05759685,0.994884185,0.825571875,0.994884185,0.042136968
